{"cameraMode":{"drawMode":0,"name":"Shaded","section":"Shading Mode"},"sceneLighting":false,"audioPlay":false,"sceneViewState":{"m_AlwaysRefresh":false,"showFog":true,"showSkybox":true,"showFlares":true,"showImageEffects":true,"showParticleSystems":true,"showVisualEffectGraphs":true,"m_FxEnabled":true},"in2DMode":false,"pivot":{"x":280.89202880859377,"y":161.68814086914063,"z":94.07196044921875},"rotation":{"x":0.09210561960935593,"y":-0.21628426015377046,"z":0.020499946549534799,"w":0.9717594981193543},"size":231.19993591308595,"orthographic":false}